Name;Number;longitude;latitude;;;;
  Saint-Alexandre / Sainte-Catherine (Stationnement du Gesù);6081;-73.566379;45.505;;;;
 Bordeaux/Laurier;6236;-73.579291;45.537456;;;;
10e Avenue / Masson;6368;-73.573755;45.550321;;;;
10e Avenue / Rosemont;6919;-73.581185;45.552649;;;;
12e Avenue / Saint-Zotique;6357;-73.58925;45.556905;;;;
15e Avenue / Laurier;6374;-73.569531;45.553408;;;;
16e avenue/Rosemont;6006;-73.577684;45.556752;;;;
18e av/beaubien;6033;-73.582429;45.559761;;;;
18e Avenue / Saint-Joseph;6376;-73.564742;45.554165;;;;
19e/St-Zotique;6704;-73.585643;45.561594;;;;
1ere Avenue / Beaubien;6361;-73.590446;45.550476;;;;
1ere Avenue / Rosemont;6362;-73.58523;45.547997;;;;
26e/beaubien;6723;-73.577639;45.564944;;;;
28e ave/Rosemont;6731;-73.571244;45.564353;;;;
30e / St-Zotique;6713;-73.57943594;45.56822507;;;;
35e/beaubien;6730;-73.573047;45.570081;;;;
3e Avenue / Dandurand;6367;-73.579221;45.547362;;;;
4e Avenue / Masson;6371;-73.575515;45.546978;;;;
5e ave/Bannantyne;6705;-73.57614;45.456365;;;;
5e ave/Verdun;6309;-73.571877;45.456049;;;;
6e avenue /St-Zotique;6358;-73.592336;45.553243;;;;
6e avenue/Rosemont;6082;-73.582883;45.550613;;;;
8e Avenue / Beaubien;6360;-73.58752;45.553215;;;;
9e Avenue / Dandurand;6918;-73.57711;45.550769;;;;
9e Avenue / Saint-Joseph;6373;-73.569351;45.548327;;;;
Agnes/Guay;6414;-73.585989;45.479582;;;;
Alexandra/Waverly;6711;-73.617842;45.531938;;;;
Alexandre de Sève / La Fontaine;6123;-73.558187;45.523217;;;;
Alexandre-DeSève / Maisonneuve;6113;-73.55534;45.5219;;;;
Alma / Beaubien;6915;-73.606655;45.532396;;;;
Argyle / Sherbrooke;6436;-73.5959;45.486;;;;
Atwater / Sherbrooke;6093;-73.58780980110168;45.49132174886071;;;;
Ave Notre Dame de Grâce / Décarie;6416;-73.615327;45.477313;;;;
Aylwin / Ontario;6391;-73.545609;45.544136;;;;
Bannantyne /de l'Eglise;6379;-73.575621;45.463257;;;;
Basile Routhier/Gouin;6736;-73.670771;45.556697;;;;
Basile-Routhier / Chabanel;6917;-73.647982;45.549949;;;;
Basile-Routhier / Crémazie;6410;-73.637951;45.547009;;;;
Beatty/Verdun;6706;-73.572446;45.450837;;;;
Beaucourt /Cote Ste-Catherine;6419;-73.633649;45.491513;;;;
Belair/St-Antoine;6029;-73.584352;45.482843;;;;
Bélanger / Saint-Denis;6249;-73.61199;45.53696;;;;
Bellechasse/St-Valier;6908;-73.601221;45.533473;;;;
Belmont / Beaver Hall;6053;-73.565138;45.502326;;;;
Benny/ Monkland;6115;-73.631664;45.466965;;;;
Berlioz/Boul de l'Ile des Soeurs;6428;-73.544377;45.459593;;;;
Bernard / Clark;6234;-73.60261;45.52697;;;;
Bernard / Jeanne-Mance;6233;-73.60484719276428;45.52429587282263;;;;
Berri / de Maisonneuve;6015;-73.561273;45.515299;;;;
Berri / Saint-Antoine;6004;-73.55393081903458;45.51205360327094;;;;
Berri / Sainte-Catherine;6009;-73.55977535247803;45.51462481358633;;;;
Berri / Sherbrooke;6019;-73.567205;45.517836;;;;
Berri/St-Grégoire;6192;-73.591766;45.529802;;;;
Birnam /Jean Talon;6746;-73.625554;45.524814;;;;
Bishop / de Maisonneuve;6099;-73.57791245;45.49742103;;;;
Bishop / Sainte-Catherine;6098;-73.57616;45.49642;;;;
Bloomfield / Bernard;6243;-73.606786;45.519861;;;;
Bloomfield / Van Horne;6245;-73.61265779;45.5225858;;;;
Bordeaux / Saint-Zotique;6272;-73.598442;45.546526;;;;
Bordeaux/Gilford;6385;-73.57641;45.536178;;;;
Bossuet/Pierre de coubertain;6722;-73.539659;45.573906;;;;
Boul Lasalle/Alepin;6714;-73.588711;45.432826;;;;
Boul Maisonneuve/Greene;6432;-73.58929306;45.48697062;;;;
Boyer / Beaubien;6910;-73.602026;45.537041;;;;
Boyer / Bélanger;6254;-73.60897;45.54006;;;;
Boyer / Jarry;6338;-73.625377;45.547283;;;;
Boyer / Jean-Talon;6389;-73.612441;45.541484;;;;
Boyer / Mont-Royal;6186;-73.58002;45.52743;;;;
Boyer / Rosemont;6907;-73.595478;45.534136;;;;
Boyer / Saint-Zotique;6255;-73.60556;45.53848;;;;
Brébeuf / Laurier;6165;-73.58507;45.53248;;;;
Brébeuf / Saint-Grégoire;6166;-73.58852;45.5341;;;;
Briand/Carron;6742;-73.59665;45.462362;;;;
Bullion / Mont-Royal;6182;-73.5851;45.5215;;;;
Cadillac/Sherbrooke;6721;-73.546783;45.577021;;;;
Calixa Lavalée / Rachel;6142;-73.572056;45.527791;;;;
Calixa-Lavallée / Sherbrooke;6147;-73.56545;45.52479;;;;
Cartier / Bélanger;6273;-73.602616;45.546939;;;;
Cartier / Saint-Joseph;6161;-73.57867;45.53576;;;;
Cartier/Marie-Anne;6153;-73.571776;45.532674;;;;
Cartier/Masson;6197;-73.583502;45.537985;;;;
Cartier/Rosemont;6421;-73.590943;45.541198;;;;
Casgrain / de Bellechasse;6271;-73.604214;45.529993;;;;
Casgrain / Saint-Zotique;6247;-73.61108;45.53304;;;;
Chabot / Bellechasse;6264;-73.59212;45.5427;;;;
Chabot / Mont-Royal;6152;-73.57349216938019;45.53413436610843;;;;
Chabot/Everett;6189;-73.609477;45.550634;;;;
Chambly / Rachel;6364;-73.558292;45.549639;;;;
Chambord / Beaubien;6268;-73.599716;45.539964;;;;
Chambord / Bélanger;6276;-73.606585;45.543077;;;;
Chambord / Jean-Talon;6275;-73.610458;45.544828;;;;
Champagneur/Jean Talon;6728;-73.624331;45.526904;;;;
Champlain / Ontario;6118;-73.56003552675247;45.52504753729988;;;;
Chapleau / Mont-Royal;6149;-73.56936;45.53867;;;;
Chateaubriand / Beaubien;6912;-73.603522;45.535431;;;;
Chauveau/Assomption;6702;-73.548081;45.569789;;;;
Cherrier / Berri;6173;-73.5692414;45.5191458;;;;
Chomedey / de Maisonneuve;6095;-73.5838;45.49156;;;;
Clark / Saint-Viateur;6199;-73.5993754863739;45.52517156097331;;;;
Clark/Prince Arthur;6411;-73.57295;45.513338;;;;
Clark/Rachel;6181;-73.582648;45.516853;;;;
Coleraine/Butler;6349;-73.565231;45.474165;;;;
Collège Édouard-Montpetit;5006;-73.4954;45.5368;;;;
Coloniale/ Mont-Royal;6229;-73.585514;45.52102;;;;
Complexe sportif Claude-Robillard (émile Journault);6412;-73.638615;45.553262;;;;
Côte St-Antoine/Royal;6363;-73.6198;45.4688;;;;
Crescent / René-Lévesque;6092;-73.57348;45.49606;;;;
D'Orléans / Hochelaga;6388;-73.549502;45.550668;;;;
D'Orléans / Masson;6370;-73.569847;45.557192;;;;
Dandurand/De Lorimier;6259;-73.584157;45.540881;;;;
Dandurand/Papineau;6260;-73.586302;45.538589;;;;
Darling / Sherbrooke;6384;-73.556527;45.545425;;;;
Darlington / Côte-Sainte-Catherine;6310;-73.621215;45.505514;;;;
Davaar / Côte-Sainte-Catherine;6305;-73.610871;45.514379;;;;
de Bordeaux / Beaubien;6267;-73.5949;45.54475;;;;
de Bordeaux / Jean-Talon;6924;-73.60551238059998;45.54970407823863;;;;
de Bordeaux / Rachel;6141;-73.56828;45.53227;;;;
de Bordeaux / Sherbrooke;6129;-73.56317639350891;45.53002706078813;;;;
de Bullion / Boul. Saint-Joseph;6195;-73.58978;45.52377;;;;
De Gaspé / De Liège;6332;-73.636557;45.542579;;;;
De Gaspé / Jarry;6330;-73.630089;45.540627;;;;
De Gaspé / Marmier;6051;-73.601728;45.529686;;;;
de l'Esplanade / Mont-Royal;6222;-73.587772;45.518228;;;;
de l'Hôtel-de-Ville / Sainte-Catherine;6007;-73.5621839761734;45.51164009357107;;;;
De l'Hôtel-de-Ville / Sherbrooke;6021;-73.56847107410431;45.51453083866944;;;;
de la Commune / Berri;6023;-73.54983;45.51086;;;;
De la Commune / King;6052;-73.552802;45.497438;;;;
de la Commune / McGill;6050;-73.55232;45.49886;;;;
de la Commune / Place Jacques-Cartier;6026;-73.5520076751709;45.50719279267449;;;;
de la Commune / Saint-Sulpice;6036;-73.55360627174377;45.50406856984278;;;;
Square Phillips;6083;-73.5686929;45.5041581;;;;
de la Gauchetière / Mansfield;6046;-73.56671;45.49871;;;;
de la Gauchetière / University;6042;-73.565354;45.500675;;;;
de la montagne / Sherbrooke;6065;-73.57869;45.499532;;;;
de la Roche /  Bellechasse ;6262;-73.597884;45.537202;;;;
De La Roche / Everett;6340;-73.614841;45.544867;;;;
de la Roche / Mont-Royal;6157;-73.57828;45.52856;;;;
De la Roche/St-Joseph;6274;-73.583695;45.531164;;;;
De Lanaudiere/Marie-Anne;6314;-73.574777;45.529219;;;;
de Liège / Lajeunesse;6324;-73.6347484588623;45.54554155627702;;;;
de Maisonneuve / Aylmer;6073;-73.57069;45.50501;;;;
de Maisonneuve / de Bleury;6078;-73.56917;45.50708;;;;
de Maisonneuve / Mackay;6100;-73.57851;45.49659;;;;
de Maisonneuve / Stanley;6064;-73.57507;45.50038;;;;
de Maisonneuve / University;6067;-73.572103;45.503475;;;;
de Mentana / Laurier;6170;-73.58677;45.530046;;;;
de Normanville / Saint-Zotique;6269;-73.60384;45.54083;;;;
des Écores / Jean-Talon;6925;-73.60300183296204;45.55244260913485;;;;
des Érables / Mont-Royal;6151;-73.57172;45.53565;;;;
Des Érables/ Sherbrooke;6024;-73.562624;45.531367;;;;
Des érables/Bélanger;6185;-73.601006;45.549286;;;;
des Seigneurs / Notre-Dame;6401;-73.568868;45.487676;;;;
Desjardins / Ontario;6398;-73.540764;45.551119;;;;
Desjardins/Hochelaga;6417;-73.54822;45.55325;;;;
Dézery/Ste-Catherine;6002;-73.541019;45.539185;;;;
Dorion / Ontario;6119;-73.558021;45.52697;;;;
Drake / De Sève;6707;-73.58229;45.456026;;;;
Drolet / Beaubien;6913;-73.605834;45.533348;;;;
Drolet / Villeray;6328;-73.6234;45.5401;;;;
Drolet/St-Zotique;6311;-73.609546;45.534795;;;;
Drummond / de Maisonneuve;6063;-73.57591;45.49947;;;;
Drummond / Rene Levesque;6058;-73.571384;45.497196;;;;
Drummond / Sainte-Catherine;6062;-73.57422709465027;45.49863930330429;;;;
du Parc-La Fontaine / Duluth;6145;-73.57221;45.52469;;;;
du Parc-La Fontaine / Roy;6146;-73.568731;45.523084;;;;
Du Rosaire / Saint-Hubert;6335;-73.621581;45.54467;;;;
Dubois / Eadie;6725;-73.590551;45.457606;;;;
Duluth  / Berri   ;6178;-73.57489765;45.52180403;;;;
Duluth / Saint-Laurent;6213;-73.57921;45.5171;;;;
Duluth/Esplanade;6212;-73.581394;45.515201;;;;
Duluth/St-Denis;6179;-73.575871;45.520655;;;;
Dunlop / Van Horne;6303;-73.619682;45.514905;;;;
Duvernay/charlevoix ;6405;-73.57486278;45.48203995;;;;
Édouard-Montpetit / Stirling;6927;-73.615085;45.50723;;;;
Ellendale/Côte-Des-Neiges;6125;-73.629298;45.499757;;;;
Émile-Duployé / Sherbrooke;6148;-73.56463;45.52729;;;;
Esplanade/Fairmount;6193;-73.596758;45.521495;;;;
Esplanade/Laurier;6227;-73.594499;45.520906;;;;
Evans/Clark;6003;-73.567974;45.511119;;;;
Fabre / Beaubien;6904;-73.597793;45.542055;;;;
Fabre / Saint-Zotique;6270;-73.600982;45.543541;;;;
Faillon / Saint-Denis;6327;-73.62038255;45.53985704;;;;
Faillon / Saint-Hubert;6336;-73.617822;45.542892;;;;
Fairmount/St-Dominique;6280;-73.594059;45.524611;;;;
Fleury/Lajeunesse;6422;-73.6616;45.5536;;;;
Fortune/wellington;6732;-73.559038;45.477923;;;;
Francis/Fleury;6716;-73.655573;45.563947;;;;
François Perrault / LO David;6735;-73.601544;45.561396;;;;
Fullum / Saint-Joseph;6162;-73.575158;45.54003;;;;
Fullum / Sherbrooke ;6131;-73.562425;45.533924;;;;
Garnier / Mont-Royal;6155;-73.57674;45.53092;;;;
Garnier / Saint-Joseph;6160;-73.58118;45.53297;;;;
Gary Carter / St-Laurent;6321;-73.622351;45.536152;;;;
Gascon/Rachel;6134;-73.562643;45.537964;;;;
Gascon/Rouen;6121;-73.55538726;45.53552845;;;;
Gaspé / Fairmount ;6094;-73.593016;45.525669;;;;
Gaspé/Dante;6251;-73.612278;45.534377;;;;
Gatineau/Lacombe ;6315;-73.622442;45.497598;;;;
Gauchetière/Bleury;6708;-73.56279;45.504561;;;;
Gauthier / De Lorimier;6138;-73.565317;45.531818;;;;
Gauthier / des Érables;6139;-73.56437;45.53237;;;;
Gauthier / Papineau;6137;-73.56663;45.530202;;;;
Georges Baril/ Fleury;6710;-73.65884;45.558457;;;;
Georges-Vanier / Notre-Dame;6403;-73.57178;45.48501;;;;
Gilford / Brébeuf;6158;-73.58153;45.53073;;;;
Gilford/Lanaudière;6237;-73.580541;45.532013;;;;
Gosford/St-Antoine;6168;-73.554995;45.509842;;;;
Gounod / Saint-Denis;6329;-73.625894;45.541791;;;;
Grand boulevard/Sherbrooke;6718;-73.623295;45.466569;;;;
Grand trunk/Hibernia;6377;-73.56385;45.47968;;;;
Guizot / Saint-Denis;6331;-73.632267;45.543376;;;;
Guizot / Saint-Laurent;6323;-73.634319;45.539964;;;;
Guy / Notre-Dame;6088;-73.567091;45.489951;;;;
Hamel/Sauvé;6726;-73.65041;45.560742;;;;
Hamilton/Jolicoeur;6744;-73.597557;45.456355;;;;
Hampton/Monkland;6263;-73.6266;45.4714;;;;
Harvard/Monkland;6339;-73.6237;45.4743;;;;
Hélène-Baillargeon / Saint-Denis;6198;-73.59527;45.52974;;;;
Henri Julien/Castelneau;6127;-73.618323;45.537877;;;;
Henri-Julien / Jean-Talon;6250;-73.61529;45.53707;;;;
Hillside / Ste-Catherine;6433;-73.591;45.4829;;;;
Hôpital général juif;6423;-73.629822;45.496302;;;;
Hopital Maisonneuve Rosemont (Rosemont/Chatelain);6226;-73.561562;45.575707;;;;
Hôtel de Ville/Roy ;6219;-73.574361;45.51725;;;;
Hudson/Kent;6240;-73.629593;45.505973;;;;
Hutchison / des Pins;6208;-73.57805;45.51069;;;;
Hutchison / Sherbrooke;6203;-73.57208;45.50781;;;;
Hutchison / Van Horne;6232;-73.61073732376099;45.525021229212776;;;;
Hutchison/ Prince Arthur;6079;-73.576105;45.509864;;;;
Island/Augustin-Cantin;6921;-73.56613219;45.48264173;;;;
Island/Centre;6350;-73.5644;45.4815;;;;
Jacques Cassault/Christophe-Colomb;6737;-73.630103;45.552123;;;;
Jacques Le Ber/Ch Pointe Nord;6016;-73.539285;45.472503;;;;
Jardin Botanique;6383;-73.554902;45.555029;;;;
Joseph Manceau / René-Lévesque;6091;-73.576453;45.492147;;;;
Kent / Côte-Des-Neiges;6312;-73.633161;45.501302;;;;
Kent/Victoria;6717;-73.638772;45.494805;;;;
King / Wellington;6049;-73.55488;45.4982;;;;
La Ronde;6504;-73.534859;45.521769;;;;
Lajeunesse / Jarry;6334;-73.6284;45.543583;;;;
Lajeunesse / Jean-Talon;6253;-73.61425638198853;45.53973680304488;;;;
Lambert-Closse / Tupper;6084;-73.582445;45.489609;;;;
Lanaudière / Laurier;6164;-73.583717;45.533381;;;;
Larivière / de Lorimier;6132;-73.559410572052;45.52915520624575;;;;
Lasalle / Ste-Catherine;6700;-73.534576;45.550056;;;;
Lasalle/Crawford;6712;-73.58251;45.438201;;;;
Laval / Duluth;6220;-73.57721507549286;45.51923690964773;;;;
Laval / Mont-Royal;6183;-73.58412981033325;45.52241290921658;;;;
Laval/Rachel;6307;-73.579463;45.520018;;;;
Le Caron / Marc-Sauvalle ;6709;-73.584039;45.461685;;;;
Leman/Chateaubriand;6333;-73.631103;45.547218;;;;
Lespérance/Rouen;6103;-73.552496;45.538799;;;;
Lincoln / Dufort;6102;-73.583836;45.493034;;;;
Lionel-Groulx / George-Vanier;6409;-73.573286;45.486457;;;;
Logan / d'Iberville;6122;-73.54913;45.53057;;;;
Logan / Fullum;6108;-73.55108499526978;45.528448693514136;;;;
Louis Hémon / Rosemont;6261;-73.588069;45.54458;;;;
Louis-Colin / McKenna;6928;-73.618105;45.500035;;;;
Louis-Hébert / Beaubien;6266;-73.59268;45.54857;;;;
Louis-Hébert / Bélanger;6279;-73.598852;45.551457;;;;
Louis-Hébert / Saint-Zotique;6278;-73.59576;45.55001;;;;
Louis-Hémon / Beaubien;6277;-73.59353;45.54705;;;;
Louis-Hémon / Villeray;6345;-73.610711;45.554931;;;;
Mackay / René-Lévesque;6080;-73.57417345046997;45.49449932378212;;;;
Maguire / Saint-Laurent;6200;-73.59588;45.52457;;;;
Maisonneuve/McGill College;6027;-73.573017;45.50269;;;;
Mansfield / René-Lévesque;6060;-73.56928;45.50015;;;;
Mansfield / Sherbrooke;6068;-73.57505;45.50297;;;;
Mansfield / Ste-Catherine ;6066;-73.5718136;45.5014018;;;;
Marché Atwater;6406;-73.577102;45.480359;;;;
Marché Maisonneuve;6397;-73.53931;45.553491;;;;
Marcil/Sherbrooke;6354;-73.613924;45.471743;;;;
Marie-Anne / de la Roche;6156;-73.5762494802475;45.52773841379083;;;;
Marie-anne/ St-Hubert;6926;-73.578755;45.524634;;;;
Marie-Anne/St-Dominique;6217;-73.583618;45.519523;;;;
Marquette / Jean-Talon;6923;-73.60760986804962;45.54735612315234;;;;
Marquette / Laurier;6163;-73.5822;45.53543;;;;
Marquette / Mont-Royal;6154;-73.57544;45.53229;;;;
Marquette / Rachel;6140;-73.5702896118164;45.5298015824607;;;;
Marquette / Saint-Grégoire;6167;-73.58584;45.53703;;;;
Marquette / Villeray;6343;-73.615021;45.550551;;;;
McGill / d'Youville;6038;-73.55566;45.49975;;;;
McGill / des Récollets;6039;-73.558826;45.500779;;;;
Mentana / Marie-Anne;6188;-73.577808;45.525983;;;;
Metcalfe / Sainte-Catherine;6059;-73.57215642929077;45.50068473942228;;;;
Metro  Sauvé (Sauvé/Berri);6210;-73.656;45.5509;;;;
Métro Atwater (Atwater / Maisonneuve);6194;-73.585962;45.489904;;;;
Métro Champs-de-Mars (Viger/Sanguinet);6359;-73.55653;45.510499;;;;
Métro Charlevoix (Centre / Charlevoix);10002;-73.56965124607086;45.47822787309145;;;;
Métro Jean-Drapeau;6501;-73.53382;45.512097;;;;
Métro Joliette  (joliette/Hochelaga);6387;-73.551739;45.547179;;;;
Métro Laurier (Rivard/ Bibaud);6136;-73.589652;45.527777;;;;
Métro Lionel-Groulx ( Lionel-Groulx /Charlevoix);6407;-73.57731164;45.48392802;;;;
Métro Longueuil - Université de Sherbrooke;5007;-73.519677;45.523854;;;;
Métro Lucien-L'Allier  (Lucien l'Allier/Argyle);6090;-73.57108;45.49486;;;;
Métro Mont-Royal (Rivard/Mont-Royal);6184;-73.58255;45.524673;;;;
Métro Outremont (Wiseman / Van Horne);6246;-73.614887;45.520265;;;;
Métro Papineau (Cartier / Ste-Catherine);6114;-73.55199;45.52353;;;;
Métro Parc  (Ogilvy/Hutchison);6503;-73.624052;45.530617;;;;
Métro Pie-IX (Pierre-de-Coubertin / Pie-IX);6396;-73.551761;45.553879;;;;
Metro Place St-Henri (St-Ferdinand/St-Jacques);6375;-73.587238;45.477249;;;;
Métro Place-d'Armes (Viger/St-Urbain);6032;-73.55976;45.50623;;;;
Métro Préfontaine (Moreau / Hochelaga);6386;-73.554635;45.541814;;;;
Métro Saint-Laurent (Maisonneuve / St-Laurent);6012;-73.56497;45.51066;;;;
Métro St-Michel ( Shaughnessy/St-Michel);6347;-73.599658;45.559199;;;;
Metro Vendome (Maisonneuve / Marlowe);6418;-73.604223;45.473775;;;;
Metro Villa Maria (Décarie / Monkland);6101;-73.61979;45.479483;;;;
Milton / Clark;6209;-73.57062;45.51252;;;;
Milton / du Parc;6205;-73.57354;45.50971;;;;
Milton / Durocher;6204;-73.574707;45.508231;;;;
Molson / Masson;6372;-73.576931;45.544099;;;;
Molson / William - Tremblay;6022;-73.565258;45.541532;;;;
Monkland/Girouard;6356;-73.6212;45.4771;;;;
Mont-Royal / Clark;6221;-73.58685;45.51941;;;;
Mont-Royal / du Parc;6223;-73.589;45.517;;;;
Mont-Royal / Vincent-D'Indy ;6306;-73.611429;45.510086;;;;
Montcalm/Maisonneuve;6112;-73.55786;45.519157;;;;
Montcalm/Ontario;6902;-73.562441;45.521165;;;;
Mozart / Saint-Laurent;6252;-73.61544;45.53318;;;;
Murray/William;6741;-73.562256;45.493658;;;;
Napoleon/St-Dominique;6903;-73.577784;45.516777;;;;
Natatorium (Lasalle/Rolland);6715;-73.575788;45.444433;;;;
Nicolet / Rouen;6394;-73.547448;45.54757;;;;
Notre Dame / Place Jacques Cartier;6001;-73.553786;45.508498;;;;
Notre-Dame / de la Montagne ;6087;-73.56481790542603;45.49302901258371;;;;
Notre-Dame / Peel;6085;-73.56328;45.4952;;;;
Notre-Dame / Saint-Gabriel;6025;-73.55511903762817;45.50714391928411;;;;
Omer-Lavallée / Midway;6381;-73.561937;45.545474;;;;
Ontario / Dézéry;6393;-73.547407;45.541044;;;;
Ontario/Ville Marie;6720;-73.53504;45.559889;;;;
Outremont / Ogilvy;6745;-73.626672;45.526856;;;;
Palm/St-Remi;6313;-73.589848;45.470303;;;;
Parc du Mont-Royal;6216;-73.58503;45.51496;;;;
Parc du Pélican (2e ave/St-Joseph);6916;-73.571564;45.544513;;;;
Parc J.-Arthur-Champagne (Chambly/Mont-Royal);6380;-73.561916;45.551584;;;;
Parc Jean-Brillant (Swail / Decelles);6316;-73.618575;45.497011;;;;
Parc Outremont (Bloomfield / Elmwood);6301;-73.603251;45.518215;;;;
Parc Père-Marquette (Chambord / Rosemont);6258;-73.593126;45.537035;;;;
Parc Rosemont (Dandurand/d'Iberville);6905;-73.581018;45.544377;;;;
Park Row W/Sherbrooke;6719;-73.632297;45.461843;;;;
Parthenais / Laurier;6265;-73.577338;45.539259;;;;
Parthenais / Sainte-Catherine;6111;-73.54933;45.52622;;;;
Peel / ave des Canadiens de Montréal;6057;-73.568646;45.497697;;;;
Peel / Ottawa;6086;-73.559644;45.493962;;;;
Pierre-de-Coubertin / Aird;6395;-73.548687;45.55896;;;;
Place de la paix (St-Dominique/place du marché);6180;-73.561976;45.50965;;;;
Place du Commerce;6429;-73.54259;45.46714;;;;
Place Longueuil;5003;-73.5178;45.5294;;;;
Plage du parc Jean-Drapeau;6109;-73.52186;45.498293;;;;
Plessis / Ontario;6116;-73.560941;45.523584;;;;
Plessis / René-Lévesque;6105;-73.552;45.51954;;;;
Pontiac/Gilford;6190;-73.585852;45.527008;;;;
Poupart / Ontario;6120;-73.553435;45.53194;;;;
Poupart / Sainte-Catherine;6110;-73.54641;45.529033;;;;
Poupart/Ontario;6124;-73.553478;45.531834;;;;
President kennedy/Mcgill College;6424;-73.573986;45.503063;;;;
Président-kennedy/Jeanne Mance;6005;-73.5689;45.508349;;;;
Prince-Arthur / du Parc;6206;-73.57547;45.51059;;;;
Prince-Arthur / Saint-Urbain;6218;-73.573489;45.512762;;;;
Prince/Ottawa;6048;-73.556716;45.497438;;;;
Quai de la navette fluviale;6502;-73.537658;45.511146;;;;
Querbes / Laurier;6241;-73.597724;45.517345;;;;
Quesnel/Vinet;6404;-73.577514;45.485889;;;;
Rachel / Brébeuf;6143;-73.57264;45.52689;;;;
Rachel/Des Érables;6750;-73.566776;45.533501;;;;
Regina / Verdun;6341;-73.570769;45.467369;;;;
René-Lévesque / Papineau;6106;-73.54926;45.52114;;;;
Repentigny/Sherbrooke;6739;-73.544766;45.58077;;;;
Richardson/Montmorency;6727;-73.560323;45.484857;;;;
Robin / de la Visitation;6117;-73.55922;45.52087;;;;
Rockland / Lajoie;6304;-73.614991;45.515617;;;;
Ross / Ave de Léglise;6425;-73.565845;45.462742;;;;
Rouen / Fullum;6126;-73.55859;45.53217;;;;
Rousselot/Jarry;6734;-73.621091;45.550896;;;;
Rousselot/Villeray;6733;-73.616837;45.548931;;;;
Roy / Saint-Denis;6174;-73.5727;45.51908;;;;
Roy / Saint-Laurent;6211;-73.57569;45.51561;;;;
Rue St-André / Roy;6044;-73.570209;45.52169;;;;
Rufus Rockhead/Atwater;6748;-73.575812;45.479728;;;;
Rushbrooke / Gilberte-Dubé;6427;-73.564845;45.471479;;;;
Saint-André / Ontario;6018;-73.56353;45.51889;;;;
Saint-André / Rachel;6177;-73.575771;45.524222;;;;
Saint-André / Saint-Antoine;6011;-73.552439;45.514076;;;;
Saint-Antoine / Canning (Metro George-Vanier);6408;-73.57656;45.4891;;;;
Saint-Antoine / Saint-François-Xavier;6031;-73.5592;45.50449;;;;
Saint-Cuthbert / Saint-Urbain;6215;-73.57821;45.51494;;;;
Saint-Dominique / Jean talon;6344;-73.617459;45.535189;;;;
Saint-Dominique / Saint-Viateur;6235;-73.59823286533356;45.52654331973003;;;;
Saint-Jacques / Gauvin;6041;-73.561082;45.500674;;;;
Saint-Jacques / Guy;6089;-73.57015;45.49138;;;;
Saint-Jacques / Saint-Pierre;6040;-73.55917;45.5028;;;;
Saint-Nicolas / Place d'Youville;6037;-73.55515658855438;45.50197437877896;;;;
Saint-Urbain / René-Lévesque;6034;-73.563112;45.5079;;;;
Saint-Vallier / Saint-Zotique;6257;-73.607773;45.536299;;;;
Saint-Viateur / du Parc;6231;-73.6019;45.52246;;;;
Sainte-Catherine / McGill College;6061;-73.57128;45.50176;;;;
Sainte-Catherine / Saint-Denis;6901;-73.56054782867432;45.51371137074363;;;;
Sainte-Famille / des Pins;6207;-73.57701659202576;45.51281294953485;;;;
Sainte-Famille / Sherbrooke;6202;-73.570654;45.510016;;;;
Sanguinet / de Maisonneuve;6013;-73.56255;45.51339;;;;
Sanguinet / Ontario;6020;-73.565338;45.514784;;;;
Sanguinet /Ste-Catherine;6008;-73.561438;45.512738;;;;
Sherbrooke / Frontenac;6130;-73.56081;45.5367;;;;
Sicard/Ontario;6355;-73.5373;45.5566;;;;
Sir Georges Etienne Cartier/Ste-Émilie;6402;-73.585369;45.472743;;;;
Square Phillips 2;6413;-73.568031;45.503797;;;;
Square Saint-Louis;6214;-73.56906;45.51735;;;;
Square Sir-Georges-Étienne-Cartier / Léa Roback;6724;-73.58247;45.471926;;;;
Square Victoria;6043;-73.56295;45.50206;;;;
St-André / Duluth;6176;-73.573431;45.523171;;;;
St-André/ Mont-Royal;6187;-73.580927;45.526466;;;;
St-André/Cherrier;6175;-73.567733;45.520578;;;;
St-André/Laurier;6169;-73.587479;45.529511;;;;
St-André/Maisonneuve;6729;-73.559781;45.517062;;;;
St-Andre/Robin;6017;-73.56166;45.51804;;;;
St-André/St-Grégoire;6929;-73.59155;45.53133;;;;
St-André/St-Joseph;6281;-73.585573;45.528586;;;;
St-Charles / Châteauguay;5002;-73.5156;45.5332;;;;
St-Charles / St-Sylvestre;5005;-73.512776;45.536408;;;;
St-Charles/Charlotte;5004;-73.508752;45.539824;;;;
St-Clément/Ste-Catherine;6076;-73.530067;45.556225;;;;
St-Denis / de Maisonneuve;6014;-73.562152;45.514649;;;;
St-Dominique / Villeray;6322;-73.624872;45.537813;;;;
St-Dominique/Rachel;6248;-73.581566;45.518593;;;;
St-Jacques/St-Laurent;6749;-73.556352;45.506445;;;;
St-Marc/Sherbrooke;6743;-73.583368;45.494514;;;;
St-Mathieu /Ste-Catherine ;6107;-73.579186;45.493718;;;;
St-Valier/Rosemont;6906;-73.597943;45.531968;;;;
St-Zotique/39e;6703;-73.574892;45.573621;;;;
St-Zotique/Clark;6191;-73.612674;45.531401;;;;
Stuart / Côte-Ste-Catherine;6302;-73.60628;45.51529;;;;
Terasse Mercure / Fulum;6133;-73.566014;45.535614;;;;
Terrasse Guindon / Fullum ;6150;-73.56905;45.537169;;;;
Torrance/Lucien L'Aller;6096;-73.569299;45.493951;;;;
Towers/ Ste-Catherine;6097;-73.581088;45.492504;;;;
Trans Island/Queen Mary ;6420;-73.628834;45.484489;;;;
Union/Maisonneuve;6072;-73.571226;45.504844;;;;
Union/René Lévesque;6738;-73.566497;45.50233;;;;
University / des Pins;6075;-73.580498;45.508356;;;;
University / Milton;6070;-73.57622;45.50624;;;;
University / Prince-Arthur;6047;-73.57845;45.50733;;;;
Valois/Ste-Catherine;6346;-73.537669;45.545409;;;;
Viau /Pierre de Coubertain;6701;-73.547909;45.563029;;;;
Victoria/Maisonneuve;6434;-73.600353;45.477581;;;;
Victorial Hall;6435;-73.6;45.4816;;;;
Viger/Jeanne Mance;6035;-73.5612;45.504803;;;;
Villeneuve / de l'Hôtel-de-Ville;6201;-73.58750939369202;45.52352540631033;;;;
Villeneuve / St-Urbain;6225;-73.590559;45.520188;;;;
Villeneuve/ Parc;6224;-73.59235;45.51829;;;;
Villeneuve/St-Laurent;6196;-73.58918;45.52157;;;;
Villeray/Lajeunesse;6159;-73.622386;45.542067;;;;
Waverly / Saint-Viateur;6230;-73.60042154788971;45.52402527115221;;;;
Waverly / St-Zotique;6747;-73.614616;45.5306;;;;
Waverly / Van Horne;6228;-73.607723;45.527363;;;;
West Broadway/Sherbrooke;6369;-73.6402148;45.45639046;;;;
Wilderton  / Van Horne;6366;-73.624835;45.510042;;;;
Willibord / Verdun;6426;-73.571438;45.459707;;;;
Wilson/Sherbrooke;6415;-73.6162;45.4703;;;;
Wolfe / René-Lévesque;6104;-73.55417490005493;45.516872646826776;;;;
Wolfe/Robin;6171;-73.560269;45.5195;;;;
Wurtele / Rouen;6128;-73.553515;45.537559;;;;
